TS_LOAD,SYS_DESC,VEH_SER,OPR_NAME
"2017-03-07 04:44:42","Paint Inspection",IFP328,PAINT
"2017-03-07 04:49:24","Paint Inspection",LEA891,PAINT
"2017-03-07 04:51:02","Paint Inspection",SIW958,PAINT
"2017-03-07 05:06:34","Paint Inspection",OSR174,PAINT
"2017-03-07 05:17:41","Paint Inspection",LER634,PAINT
"2017-03-07 05:21:07","STVMS Tracking Top Station",OTX594,"Top Station"
"2017-03-07 05:21:12","STVMS Tracking Top Station",LVP764,"Top Station"
"2017-03-07 05:21:17","STVMS Tracking Top Station",JBQ468,"Top Station"
"2017-03-07 05:21:21","STVMS Tracking Top Station",TPJ583,"Top Station"
"2017-03-07 05:21:25","STVMS Tracking Top Station",QVP853,"Top Station"
"2017-03-07 05:21:30","STVMS Tracking Top Station",YHB831,"Top Station"
"2017-03-07 05:21:33","STVMS Tracking Top Station",XLW275,"Top Station"
"2017-03-07 05:21:37","STVMS Tracking Top Station",WTB963,"Top Station"
"2017-03-07 05:21:41","STVMS Tracking Top Station",INW067,"Top Station"
"2017-03-07 05:21:45","STVMS Tracking Top Station",NKM173,"Top Station"
"2017-03-07 05:25:51","Assembly Line Tracker",NKM173,"Pool 60 Start"
"2017-03-07 05:25:51","Assembly Line Tracker",INW067,"Pool 60 Start"
"2017-03-07 05:25:51","Assembly Line Tracker",WTB963,"Pool 60 Start"
"2017-03-07 05:25:52","Assembly Line Tracker",XLW275,"Pool 60 Start"
"2017-03-07 05:25:52","Assembly Line Tracker",YHB831,"Pool 60 Start"
"2017-03-07 05:25:52","Assembly Line Tracker",QVP853,"Pool 60 Start"
"2017-03-07 05:25:53","Assembly Line Tracker",TPJ583,"Pool 60 Start"
"2017-03-07 05:25:53","Assembly Line Tracker",JBQ468,"Pool 60 Start"
"2017-03-07 05:25:53","Assembly Line Tracker",LVP764,"Pool 60 Start"
"2017-03-07 05:25:54","Assembly Line Tracker",OTX594,"Pool 60 Start"
"2017-03-07 05:32:38","Paint Inspection",CQU695,PAINT
"2017-03-07 05:33:15","Paint Inspection",USD901,PAINT
"2017-03-07 05:43:48","Paint Inspection",WBH162,PAINT
"2017-03-07 06:38:15","Cab Conveyer",DTP539,"Cab Upload 2"
"2017-03-07 06:38:15","Cab Conveyor / Monorail",DTP539,"Cab Upload"
"2017-03-07 06:42:59","Cab Call Scan",MBP046,"B Line"
"2017-03-07 06:43:15","OMT Offline Tracking",GDU671,"Enter Offline"
"2017-03-07 06:43:15","OMT Offline Tracking",GDU671,Sold
"2017-03-07 06:44:24","OMT Offline Tracking",TGS974,Sold
"2017-03-07 06:44:24","OMT Offline Tracking",TGS974,"Enter Offline"
"2017-03-07 06:45:50","Assembly Line Tracker",SVP127,"Pool 13 Start"
"2017-03-07 06:45:58","Cab Conveyer",IQS845,"Cab Upload 2"
"2017-03-07 06:45:58","Cab Conveyor / Monorail",IQS845,"Cab Upload"
"2017-03-07 06:46:19","STVMS Tracking Chassis Start",SVP127,"Chassis Start"
"2017-03-07 06:46:46","Hood Conveyor",ELJ539,"Hood Upload"
"2017-03-07 06:46:52","Paint Inspection",TYA561,PAINT
"2017-03-07 06:47:54","Cab call scan",FHL057,"A Line"
"2017-03-07 06:49:57","OMT Offline Tracking",PEK163,"Enter Offline"
"2017-03-07 06:50:50","Assembly Line Tracker",ELJ539,"Pool 13 Start"
"2017-03-07 06:52:09","Paint Inspection",DVM139,PAINT
"2017-03-07 06:52:12",U-BOLT,QJP284,"Front U-Bolt"
"2017-03-07 06:53:16","STVMS Tracking Chassis Start",ELJ539,"Chassis Start"
"2017-03-07 06:54:26",U-BOLT,QJP284,"Rear U-Bolt"
"2017-03-07 06:55:34","Cab Conveyer",ZYA587,"Cab Upload 2"
"2017-03-07 06:55:34","Cab Conveyor / Monorail",ZYA587,"Cab Upload"
"2017-03-07 06:55:40","Hood Conveyor",IFP328,"Hood Upload"
"2017-03-07 06:55:50","Assembly Line Tracker",IFP328,"Pool 13 Start"
"2017-03-07 06:58:17","Cab in white conveyer",YAP829,"CIW upload"
"2017-03-07 06:59:47","OMT Offline Tracking",CXD285,"Enter Offline"
"2017-03-07 06:59:54","Hood Conveyor",DKW659,"Hood Upload"
"2017-03-07 07:00:05","Paint Inspection",GPJ498,PAINT
"2017-03-07 07:00:24",U-BOLT,ZHB578,"Front U-Bolt"
"2017-03-07 07:00:50","Assembly Line Tracker",DKW659,"Pool 13 Start"
"2017-03-07 07:01:18","OMT Offline Tracking",ELI075,"Enter Offline"
"2017-03-07 07:01:19","STVMS Tracking Chassis Start",IFP328,"Chassis Start"
"2017-03-07 07:01:51","Cab Call Scan",BRL042,"B Line"
"2017-03-07 07:02:51","Cab call scan",ACM236,"A Line"
"2017-03-07 07:04:59","Hood Conveyor",JPU485,"Hood Upload"
"2017-03-07 07:05:43","Cab in white conveyer",ZIQ738,"CIW upload"
"2017-03-07 07:05:57",U-BOLT,PGY640,"Rear U-Bolt"
"2017-03-07 07:06:38",U-BOLT,PGY640,"Front U-Bolt"
"2017-03-07 07:06:46","Paint Inspection",UBJ603,PAINT
"2017-03-07 07:07:04","Cab Conveyer",IBA235,"Cab Upload 2"
"2017-03-07 07:07:04","Cab Conveyor / Monorail",IBA235,"Cab Upload"
"2017-03-07 07:07:05","STVMS Tracking Chassis Start",DKW659,"Chassis Start"
"2017-03-07 07:10:50","Cab Call Scan",TPG078,"B Line"
"2017-03-07 07:10:50","Assembly Line Tracker",JPU485,"Pool 13 Start"
"2017-03-07 07:12:07","Hood Conveyor",LEA891,"Hood Upload"
"2017-03-07 07:13:08","Cab in white conveyer",THO850,"CIW upload"
"2017-03-07 07:14:50",U-BOLT,FIX581,"Front U-Bolt"
"2017-03-07 07:14:56",U-BOLT,FIX581,"Rear U-Bolt"
"2017-03-07 07:14:56","Cab Conveyer",FHL057,"Cab Upload 2"
"2017-03-07 07:14:56","Cab Conveyor / Monorail",FHL057,"Cab Upload"
"2017-03-07 07:15:32","STVMS Tracking Chassis Start",JPU485,"Chassis Start"
"2017-03-07 07:15:51","Assembly Line Tracker",LEA891,"Pool 13 Start"
"2017-03-07 07:16:01","Hood Conveyor",SIW958,"Hood Upload"
"2017-03-07 07:18:39","OMT Offline Tracking",CVE258,"Enter Offline"
"2017-03-07 07:19:20","Cab in white conveyer",EZQ530,"CIW upload"
"2017-03-07 07:19:37",U-BOLT,UHP854,"Rear U-Bolt"
"2017-03-07 07:19:55","Hood Conveyor",OSR174,"Hood Upload"
"2017-03-07 07:20:36","OMT Offline Tracking",BEM390,"Enter Offline"
"2017-03-07 07:20:36","OMT Offline Tracking",BEM390,Sold
"2017-03-07 07:20:50","Assembly Line Tracker",SIW958,"Pool 13 Start"
"2017-03-07 07:22:45","Paint Inspection",JYL728,PAINT
"2017-03-07 07:22:58","Cab Conveyer",MBP046,"Cab Upload 2"
"2017-03-07 07:22:58","Cab Conveyor / Monorail",MBP046,"Cab Upload"
"2017-03-07 07:23:10","STVMS Tracking Chassis Start",LEA891,"Chassis Start"
"2017-03-07 07:23:16",U-BOLT,UHP854,"Front U-Bolt"
"2017-03-07 07:23:27","Cab Call Scan",EUL768,"B Line"
"2017-03-07 07:23:44",U-BOLT,UHP854,"Rear U-Bolt"
"2017-03-07 07:24:22","Hood Conveyor",USD901,"Hood Upload"
"2017-03-07 07:24:31","Cab in white conveyer",ARS065,"CIW upload"
"2017-03-07 07:25:27","Cab call scan",XPR275,"A Line"
"2017-03-07 07:25:51","Assembly Line Tracker",OSR174,"Pool 13 Start"
"2017-03-07 07:28:51","STVMS Tracking Chassis Start",SIW958,"Chassis Start"
"2017-03-07 07:28:52","Hood Conveyor",CQU695,"Hood Upload"
"2017-03-07 07:29:21","OMT Offline Tracking",SYB619,"Enter Offline"
"2017-03-07 07:29:35","OMT Offline Tracking",ETO603,"Enter Offline"
"2017-03-07 07:30:30",U-BOLT,CSM507,"Front U-Bolt"
"2017-03-07 07:30:55","Cab Conveyer",BRL042,"Cab Upload 2"
"2017-03-07 07:30:55","Cab Conveyor / Monorail",BRL042,"Cab Upload"
"2017-03-07 07:33:56",U-BOLT,MGF879,"Front U-Bolt"
"2017-03-07 07:35:16","STVMS Tracking Chassis Start",OSR174,"Chassis Start"
"2017-03-07 07:35:37","Cab Call Scan",YTP390,"B Line"
"2017-03-07 07:35:47",U-BOLT,MGF879,"Rear U-Bolt"
"2017-03-07 07:36:03","Hood Conveyor",WBH162,"Hood Upload"
"2017-03-07 07:36:59","STVMS Tracking Chassis Start",USD901,"Chassis Start"
"2017-03-07 07:37:35","Cab call scan",GYI954,"A Line"
"2017-03-07 07:39:00","Cab Conveyer",ACM236,"Cab Upload 2"
"2017-03-07 07:39:00","Cab Conveyor / Monorail",ACM236,"Cab Upload"
"2017-03-07 07:40:51","Assembly Line Tracker",USD901,"Pool 13 Start"
"2017-03-07 07:41:28",U-BOLT,PRA475,"Front U-Bolt"
"2017-03-07 07:42:13","OMT Offline Tracking",ALP937,"Enter Offline"
"2017-03-07 07:42:32","Hood Conveyor",TYA561,"Hood Upload"
"2017-03-07 07:43:39","Cab Conveyer",TPG078,"Cab Upload 2"
"2017-03-07 07:43:39","Cab Conveyor / Monorail",TPG078,"Cab Upload"
"2017-03-07 07:43:59","Cab in white conveyer",LED479,"CIW upload"
"2017-03-07 07:47:51","OMT Offline Tracking",RCF947,"Enter Offline"
"2017-03-07 07:49:42",U-BOLT,QFW209,"Front U-Bolt"
"2017-03-07 07:50:31","Cab Conveyer",XPR275,"Cab Upload 2"
"2017-03-07 07:50:31","Cab Conveyor / Monorail",XPR275,"Cab Upload"
"2017-03-07 07:50:50","Assembly Line Tracker",CQU695,"Pool 13 Start"
"2017-03-07 07:51:14","Cab call scan",WXK853,"A Line"
"2017-03-07 07:51:47","Hood Conveyor",DVM139,"Hood Upload"
"2017-03-07 07:51:52",U-BOLT,QFW209,"Rear U-Bolt"
"2017-03-07 07:51:55","STVMS Tracking Chassis Start",CQU695,"Chassis Start"
"2017-03-07 07:54:30","Cab in white conveyer",YBJ023,"CIW upload"
"2017-03-07 07:55:27","Hood Conveyor",GPJ498,"Hood Upload"
"2017-03-07 07:57:15",U-BOLT,SZP362,"Front U-Bolt"
"2017-03-07 07:58:11","Cab Call Scan",IXM739,"B Line"
"2017-03-07 07:58:19","Paint Inspection",DUT829,PAINT
"2017-03-07 07:58:49","Cab Conveyer",EUL768,"Cab Upload 2"
"2017-03-07 07:58:49","Cab Conveyor / Monorail",EUL768,"Cab Upload"
"2017-03-07 07:59:03","STVMS Tracking Chassis Start",WBH162,"Chassis Start"
"2017-03-07 07:59:35","OMT Offline Tracking",CSD174,"Enter Offline"
"2017-03-07 08:00:19","Hood Conveyor",UBJ603,"Hood Upload"
"2017-03-07 08:00:51","Assembly Line Tracker",WBH162,"Pool 13 Start"
"2017-03-07 08:00:57","Cab in white conveyer",UWT728,"CIW upload"
"2017-03-07 08:03:08","OMT Offline Tracking",TPD286,"Enter Offline"
"2017-03-07 08:04:16","Cab call scan",SOU593,"A Line"
"2017-03-07 08:05:13",U-BOLT,BIP389,"Rear U-Bolt"
"2017-03-07 08:05:14","Hood Conveyor",JYL728,"Hood Upload"
"2017-03-07 08:05:21","Cab Conveyer",GYI954,"Cab Upload 2"
"2017-03-07 08:05:21","Cab Conveyor / Monorail",GYI954,"Cab Upload"
"2017-03-07 08:10:29",U-BOLT,TUQ327,"Rear U-Bolt"
"2017-03-07 08:10:51","Assembly Line Tracker",TYA561,"Pool 13 Start"
"2017-03-07 08:11:01",U-BOLT,TUQ327,"Front U-Bolt"
"2017-03-07 08:11:59","Cab Call Scan",HMJ710,"B Line"
"2017-03-07 08:12:12","Paint Inspection",OTS758,PAINT
"2017-03-07 08:12:49","Cab Conveyer",WXK853,"Cab Upload 2"
"2017-03-07 08:12:49","Cab Conveyor / Monorail",WXK853,"Cab Upload"
"2017-03-07 08:14:29","STVMS Tracking Chassis Start",TYA561,"Chassis Start"
"2017-03-07 08:14:34","OMT Offline Tracking",TQL981,"Enter Offline"
"2017-03-07 08:15:11","Hood Conveyor",OTS758,"Hood Upload"
"2017-03-07 08:15:15","OMT Offline Tracking",JYI091,"Enter Offline"
"2017-03-07 08:15:15","OMT Offline Tracking",JYI091,Sold
"2017-03-07 08:16:40","Paint Inspection",NUR218,PAINT
"2017-03-07 08:17:52","Cab call scan",EJO928,"A Line"
"2017-03-07 08:18:59","Cab in white conveyer",ICB356,"CIW upload"
"2017-03-07 08:20:51","Assembly Line Tracker",GPJ498,"Pool 13 Start"
"2017-03-07 08:20:51","Assembly Line Tracker",DVM139,"Pool 13 Start"
"2017-03-07 08:21:45","Cab Conveyer",YTP390,"Cab Upload 2"
"2017-03-07 08:21:45","Cab Conveyor / Monorail",YTP390,"Cab Upload"
"2017-03-07 08:22:42",U-BOLT,SVP127,"Rear U-Bolt"
"2017-03-07 08:25:00","Paint Inspection",XWK825,PAINT
"2017-03-07 08:25:15","Cab in white conveyer",MPE786,"CIW upload"
"2017-03-07 08:26:46","STVMS Tracking Chassis Start",DVM139,"Chassis Start"
"2017-03-07 08:27:38","Hood Conveyor",NUR218,"Hood Upload"
"2017-03-07 08:29:08","Hood Conveyor",XWK825,"Hood Upload"
"2017-03-07 08:29:29","Cab Conveyer",SOU593,"Cab Upload 2"
"2017-03-07 08:29:29","Cab Conveyor / Monorail",SOU593,"Cab Upload"
"2017-03-07 08:31:09","Paint Inspection",KSP816,PAINT
"2017-03-07 08:32:59",U-BOLT,ELJ539,"Front U-Bolt"
"2017-03-07 08:33:09","OMT Offline Tracking",KQN543,"Enter Offline"
"2017-03-07 08:34:01","Cab call scan",AMZ845,"A Line"
"2017-03-07 08:34:40","Hood Conveyor",KSP816,"Hood Upload"
"2017-03-07 08:35:02","STVMS Tracking Chassis Start",GPJ498,"Chassis Start"
"2017-03-07 08:35:52","Assembly Line Tracker",UBJ603,"Pool 13 Start"
"2017-03-07 08:36:16","Paint Inspection",OTX594,PAINT
"2017-03-07 08:36:25","Cab Call Scan",MVW427,"B Line"
"2017-03-07 08:36:47","Cab Conveyer",IXM739,"Cab Upload 2"
"2017-03-07 08:36:47","Cab Conveyor / Monorail",IXM739,"Cab Upload"
"2017-03-07 08:38:31","Cab in white conveyer",GSF615,"CIW upload"
"2017-03-07 08:38:35","Hood Conveyor",OTX594,"Hood Upload"
"2017-03-07 08:39:16",U-BOLT,IFP328,"Front U-Bolt"
"2017-03-07 08:40:51","Assembly Line Tracker",OTS758,"Pool 13 Start"
"2017-03-07 08:40:51","Assembly Line Tracker",JYL728,"Pool 13 Start"
"2017-03-07 08:43:01","Cab Conveyer",EJO928,"Cab Upload 2"
"2017-03-07 08:43:01","Cab Conveyor / Monorail",EJO928,"Cab Upload"
"2017-03-07 08:43:44","STVMS Tracking Chassis Start",UBJ603,"Chassis Start"
"2017-03-07 08:44:41","OMT Offline Tracking",XGW598,"Enter Offline"
"2017-03-07 08:44:41","OMT Offline Tracking",XGW598,Sold
"2017-03-07 08:44:51",U-BOLT,DKW659,"Rear U-Bolt"
"2017-03-07 08:45:00","OMT Offline Tracking",CNZ205,"Enter Offline"
"2017-03-07 08:45:41","Cab in white conveyer",QPC953,"CIW upload"
"2017-03-07 08:45:51","Assembly Line Tracker",NUR218,"Pool 13 Start"
"2017-03-07 08:46:08",U-BOLT,DKW659,"Front U-Bolt"
"2017-03-07 08:48:23","Cab Call Scan",HQD748,"B Line"
"2017-03-07 08:50:04","Cab Conveyer",HMJ710,"Cab Upload 2"
"2017-03-07 08:50:04","Cab Conveyor / Monorail",HMJ710,"Cab Upload"
"2017-03-07 08:50:24","STVMS Tracking Chassis Start",JYL728,"Chassis Start"
"2017-03-07 08:50:52","Assembly Line Tracker",XWK825,"Pool 13 Start"
"2017-03-07 08:52:37","Cab call scan",VQD376,"A Line"
"2017-03-07 08:52:55","Cab in white conveyer",SYA283,"CIW upload"
"2017-03-07 08:53:07",U-BOLT,JPU485,"Front U-Bolt"
"2017-03-07 08:54:20",U-BOLT,JPU485,"Rear U-Bolt"
"2017-03-07 08:56:10","Paint Inspection",LVP764,PAINT
"2017-03-07 08:58:00","STVMS Tracking Chassis Start",OTS758,"Chassis Start"
"2017-03-07 09:00:24","Cab in white conveyer",PVZ436,"CIW upload"
"2017-03-07 09:00:59","Cab Conveyer",MVW427,"Cab Upload 2"
"2017-03-07 09:00:59","Cab Conveyor / Monorail",MVW427,"Cab Upload"
"2017-03-07 09:01:58",U-BOLT,LEA891,"Front U-Bolt"
"2017-03-07 09:03:31","Cab call scan",QJP284,"A Line"
"2017-03-07 09:03:42","OMT Offline Tracking",MQH836,"Enter Offline"
"2017-03-07 09:04:20","Cab Conveyer",AMZ845,"Cab Upload 2"
"2017-03-07 09:04:20","Cab Conveyor / Monorail",AMZ845,"Cab Upload"
"2017-03-07 09:04:21","Hood Conveyor",LVP764,"Hood Upload"
"2017-03-07 09:04:54","STVMS Tracking Chassis Start",NUR218,"Chassis Start"
"2017-03-07 09:05:34","Paint Inspection",TPJ583,PAINT
"2017-03-07 09:05:38","Cab in white conveyer",JKZ317,"CIW upload"
"2017-03-07 09:05:43","Cab Call Scan",ZHB578,"B Line"
"2017-03-07 09:05:44","Paint Inspection",HBM615,PAINT
"2017-03-07 09:06:40","OMT Offline Tracking",HRY673,"Enter Offline"
"2017-03-07 09:07:40",U-BOLT,SIW958,"Front U-Bolt"
"2017-03-07 09:10:51","Assembly Line Tracker",OTX594,"Pool 13 Start"
"2017-03-07 09:10:51","Assembly Line Tracker",KSP816,"Pool 13 Start"
"2017-03-07 09:11:19","Cab Conveyer",VQD376,"Cab Upload 2"
"2017-03-07 09:11:19","Cab Conveyor / Monorail",VQD376,"Cab Upload"
"2017-03-07 09:11:59","STVMS Tracking Chassis Start",XWK825,"Chassis Start"
"2017-03-07 09:14:22","Cab in white conveyer",VFR160,"CIW upload"
"2017-03-07 09:14:28",U-BOLT,OSR174,"Front U-Bolt"
"2017-03-07 09:14:38","Paint Inspection",JBQ468,PAINT
"2017-03-07 09:15:41","Cab Call Scan",FIX581,"B Line"
"2017-03-07 09:15:52",U-BOLT,OSR174,"Rear U-Bolt"
"2017-03-07 09:16:32","Cab call scan",PGY640,"A Line"
"2017-03-07 09:18:01","Cab Conveyer",HQD748,"Cab Upload 2"
"2017-03-07 09:18:01","Cab Conveyor / Monorail",HQD748,"Cab Upload"
"2017-03-07 09:18:06","OMT Offline Tracking",MRI015,"Enter Offline"
"2017-03-07 09:18:54","Paint Inspection",YHB831,PAINT
"2017-03-07 09:19:48","Cab in white conveyer",ZKY831,"CIW upload"
"2017-03-07 09:20:27","STVMS Tracking Chassis Start",KSP816,"Chassis Start"
"2017-03-07 09:20:42","Hood Conveyor",JBQ468,"Hood Upload"
"2017-03-07 09:20:52","Assembly Line Tracker",JBQ468,"Pool 13 Start"
"2017-03-07 09:20:52","Assembly Line Tracker",LVP764,"Pool 13 Start"
"2017-03-07 09:21:37","STVMS Tracking Top Station",JOM027,"Top Station"
"2017-03-07 09:21:39","STVMS Tracking Top Station",AJF195,"Top Station"
"2017-03-07 09:21:42","STVMS Tracking Top Station",DZV145,"Top Station"
"2017-03-07 09:21:45","STVMS Tracking Top Station",UBZ174,"Top Station"
"2017-03-07 09:21:47","STVMS Tracking Top Station",PMG926,"Top Station"
"2017-03-07 09:21:49","STVMS Tracking Top Station",GOB710,"Top Station"
"2017-03-07 09:21:51","STVMS Tracking Top Station",QDR380,"Top Station"
"2017-03-07 09:21:54",U-BOLT,USD901,"Front U-Bolt"
"2017-03-07 09:22:16","OMT Offline Tracking",AKC912,"Enter Offline"
"2017-03-07 09:24:39",U-BOLT,USD901,"Rear U-Bolt"
"2017-03-07 09:25:51","Hood Conveyor",TPJ583,"Hood Upload"
"2017-03-07 09:25:51","Assembly Line Tracker",QDR380,"Pool 60 Start"
"2017-03-07 09:25:52","Assembly Line Tracker",GOB710,"Pool 60 Start"
"2017-03-07 09:25:52","Assembly Line Tracker",PMG926,"Pool 60 Start"
"2017-03-07 09:25:53","Assembly Line Tracker",UBZ174,"Pool 60 Start"
"2017-03-07 09:25:54","Assembly Line Tracker",DZV145,"Pool 60 Start"
"2017-03-07 09:25:55","Assembly Line Tracker",AJF195,"Pool 60 Start"
"2017-03-07 09:25:55","Assembly Line Tracker",JOM027,"Pool 60 Start"
"2017-03-07 09:27:06","Cab in white conveyer",AYO527,"CIW upload"
"2017-03-07 09:28:20","Paint Inspection",QVP853,PAINT
"2017-03-07 09:30:24","Cab Conveyer",QJP284,"Cab Upload 2"
"2017-03-07 09:30:24","Cab Conveyor / Monorail",QJP284,"Cab Upload"
"2017-03-07 09:31:23","Cab call scan",UHP854,"A Line"
"2017-03-07 09:31:40","OMT Offline Tracking",DTP539,"Enter Offline"
"2017-03-07 09:32:45","Hood Conveyor",QVP853,"Hood Upload"
"2017-03-07 09:33:21","Cab in white conveyer",KNR831,"CIW upload"
"2017-03-07 09:33:24",U-BOLT,CQU695,"Front U-Bolt"
"2017-03-07 09:33:43","OMT Offline Tracking",IQS845,"Enter Offline"
"2017-03-07 09:35:48","Cab Conveyer",ZHB578,"Cab Upload 2"
"2017-03-07 09:35:48","Cab Conveyor / Monorail",ZHB578,"Cab Upload"
"2017-03-07 09:35:51","Assembly Line Tracker",TPJ583,"Pool 13 Start"
"2017-03-07 09:36:29","Hood Conveyor",YHB831,"Hood Upload"
"2017-03-07 09:37:29","Paint Inspection",XLW275,PAINT
"2017-03-07 09:37:51","Cab Call Scan",MGF879,"B Line"
"2017-03-07 09:38:07",U-BOLT,WBH162,"Rear U-Bolt"
"2017-03-07 09:38:21",U-BOLT,WBH162,"Front U-Bolt"
"2017-03-07 09:39:37","STVMS Tracking Chassis Start",OTX594,"Chassis Start"
"2017-03-07 09:39:41","STVMS Tracking Chassis Start",LVP764,"Chassis Start"
"2017-03-07 09:39:47","STVMS Tracking Chassis Start",JBQ468,"Chassis Start"
"2017-03-07 09:40:54","Assembly Line Tracker",QVP853,"Pool 13 Start"
"2017-03-07 09:41:44","Paint Inspection",INW067,PAINT
"2017-03-07 09:42:30","Hood Conveyor",XLW275,"Hood Upload"
"2017-03-07 09:43:17","Cab Conveyer",PGY640,"Cab Upload 2"
"2017-03-07 09:43:17","Cab Conveyor / Monorail",PGY640,"Cab Upload"
"2017-03-07 09:45:15","OMT Offline Tracking",IBA235,"Enter Offline"
"2017-03-07 09:45:15","OMT Offline Tracking",IBA235,Sold
"2017-03-07 09:45:48","OMT Offline Tracking",ZYA587,"Enter Offline"
"2017-03-07 09:45:51","Assembly Line Tracker",YHB831,"Pool 13 Start"
"2017-03-07 09:46:25","Cab call scan",CSM507,"A Line"
"2017-03-07 09:46:31","Cab in white conveyer",SYV137,"CIW upload"
"2017-03-07 09:46:57","Hood Conveyor",WTB963,"Hood Upload"
"2017-03-07 09:47:34","Paint Inspection",NKM173,PAINT
"2017-03-07 09:49:29","STVMS Tracking Chassis Start",TPJ583,"Chassis Start"
"2017-03-07 09:51:12","Cab in white conveyer",ZVI392,"CIW upload"
"2017-03-07 09:51:41","Hood Conveyor",INW067,"Hood Upload"
"2017-03-07 09:51:46","Paint Inspection",AJF195,PAINT
"2017-03-07 09:52:01",U-BOLT,TYA561,"Front U-Bolt"
"2017-03-07 09:52:14","Cab Call Scan",PRA475,"B Line"
"2017-03-07 09:55:04","Cab Conveyer",UHP854,"Cab Upload 2"
"2017-03-07 09:55:04","Cab Conveyor / Monorail",UHP854,"Cab Upload"
"2017-03-07 09:55:36","OMT Offline Tracking",FHL057,"Enter Offline"
"2017-03-07 09:56:14","STVMS Tracking Chassis Start",QVP853,"Chassis Start"
"2017-03-07 09:56:34","Hood Conveyor",NKM173,"Hood Upload"
"2017-03-07 09:59:14",U-BOLT,DVM139,"Front U-Bolt"
"2017-03-07 09:59:43","Cab in white conveyer",LGO801,"CIW upload"
"2017-03-07 10:00:20","Cab Conveyer",FIX581,"Cab Upload 2"
"2017-03-07 10:00:20","Cab Conveyor / Monorail",FIX581,"Cab Upload"
"2017-03-07 10:00:51","Assembly Line Tracker",WTB963,"Pool 13 Start"
"2017-03-07 10:00:52","Assembly Line Tracker",XLW275,"Pool 13 Start"
"2017-03-07 10:01:45",U-BOLT,DVM139,"Rear U-Bolt"
"2017-03-07 10:02:50","Cab call scan",QFW209,"A Line"
"2017-03-07 10:03:47","Cab in white conveyer",FTI824,"CIW upload"
"2017-03-07 10:04:35","Paint Inspection",JOM027,PAINT
"2017-03-07 10:04:59","OMT Offline Tracking",MBP046,"Enter Offline"
"2017-03-07 10:05:51","Assembly Line Tracker",INW067,"Pool 13 Start"
"2017-03-07 10:07:12","STVMS Tracking Chassis Start",YHB831,"Chassis Start"
"2017-03-07 10:08:13","Cab Conveyer",MGF879,"Cab Upload 2"
"2017-03-07 10:08:13","Cab Conveyor / Monorail",MGF879,"Cab Upload"
"2017-03-07 10:08:47","Paint Inspection",DZV145,PAINT
"2017-03-07 10:10:32","Hood Conveyor",JOM027,"Hood Upload"
"2017-03-07 10:10:47",U-BOLT,GPJ498,"Front U-Bolt"
"2017-03-07 10:13:20","Cab in white conveyer",VCM016,"CIW upload"
"2017-03-07 10:13:48","STVMS Tracking Chassis Start",XLW275,"Chassis Start"
"2017-03-07 10:13:48","Hood Conveyor",AJF195,"Hood Upload"
"2017-03-07 10:15:33","Cab Conveyer",CSM507,"Cab Upload 2"
"2017-03-07 10:15:33","Cab Conveyor / Monorail",CSM507,"Cab Upload"
"2017-03-07 10:15:51","Assembly Line Tracker",NKM173,"Pool 13 Start"
"2017-03-07 10:17:12","STVMS Tracking Top Station",CSW718,"Top Station"
"2017-03-07 10:18:03",U-BOLT,UBJ603,"Rear U-Bolt"
"2017-03-07 10:18:11",U-BOLT,UBJ603,"Front U-Bolt"
"2017-03-07 10:18:38","Cab in white conveyer",PJL425,"CIW upload"
"2017-03-07 10:19:35","Cab Call Scan",TUQ327,"B Line"
"2017-03-07 10:19:48","Hood Conveyor",DZV145,"Hood Upload"
"2017-03-07 10:20:05","Paint Inspection",OLI345,PAINT
"2017-03-07 10:20:52","Assembly Line Tracker",CSW718,"Pool 60 Start"
"2017-03-07 10:21:55","Cab Conveyer",PRA475,"Cab Upload 2"
"2017-03-07 10:21:55","Cab Conveyor / Monorail",PRA475,"Cab Upload"
"2017-03-07 10:22:59","STVMS Tracking Chassis Start",WTB963,"Chassis Start"
"2017-03-07 10:24:03","OMT Offline Tracking",ACM236,"Enter Offline"
"2017-03-07 10:24:22","Cab call scan",SZP362,"A Line"
"2017-03-07 10:24:25","OMT Offline Tracking",BRL042,"Enter Offline"
"2017-03-07 10:25:26",U-BOLT,JYL728,"Rear U-Bolt"
"2017-03-07 10:25:50","Paint Inspection",PMG926,PAINT
"2017-03-07 10:26:09","Cab in white conveyer",CMI143,"CIW upload"
"2017-03-07 10:30:42","OMT Offline Tracking",TPG078,"Enter Offline"
"2017-03-07 10:30:51","Assembly Line Tracker",AJF195,"Pool 13 Start"
"2017-03-07 10:30:52","Assembly Line Tracker",JOM027,"Pool 13 Start"
"2017-03-07 10:31:02","Paint Inspection",UBZ174,PAINT
"2017-03-07 10:32:02",U-BOLT,OTS758,"Front U-Bolt"
"2017-03-07 10:32:14","Cab Call Scan",ELJ539,"B Line"
"2017-03-07 10:33:19",U-BOLT,OTS758,"Rear U-Bolt"
"2017-03-07 10:33:19","Cab in white conveyer",IOU412,"CIW upload"
"2017-03-07 10:34:41","Cab Conveyer",QFW209,"Cab Upload 2"
"2017-03-07 10:34:41","Cab Conveyor / Monorail",QFW209,"Cab Upload"
"2017-03-07 10:37:38","STVMS Tracking Chassis Start",INW067,"Chassis Start"
"2017-03-07 10:37:42","STVMS Tracking Chassis Start",NKM173,"Chassis Start"
"2017-03-07 10:38:00","Cab in white conveyer",FHU982,"CIW upload"
"2017-03-07 10:38:58",U-BOLT,NUR218,"Front U-Bolt"
"2017-03-07 10:39:17","Paint Inspection",GOB710,PAINT
"2017-03-07 10:39:32","Cab call scan",SVP127,"A Line"
"2017-03-07 10:39:43","Cab Conveyer",SZP362,"Cab Upload 2"
"2017-03-07 10:39:43","Cab Conveyor / Monorail",SZP362,"Cab Upload"
"2017-03-07 10:41:06","OMT Offline Tracking",XPR275,"Enter Offline"
"2017-03-07 10:41:45","OMT Offline Tracking",EUL768,"Enter Offline"
"2017-03-07 10:42:34","STVMS Tracking Chassis Start",JOM027,"Chassis Start"
"2017-03-07 10:46:11","Cab Conveyer",TUQ327,"Cab Upload 2"
"2017-03-07 10:46:11","Cab Conveyor / Monorail",TUQ327,"Cab Upload"
"2017-03-07 10:47:16",U-BOLT,XWK825,"Front U-Bolt"
"2017-03-07 10:47:34",U-BOLT,XWK825,"Rear U-Bolt"
"2017-03-07 10:49:10","Cab Call Scan",IFP328,"B Line"
"2017-03-07 10:50:35",U-BOLT,XWK825,"Rear U-Bolt"
"2017-03-07 10:52:44","STVMS Tracking Chassis Start",AJF195,"Chassis Start"
"2017-03-07 10:53:38","OMT Offline Tracking",GYI954,"Enter Offline"
"2017-03-07 10:53:50","Cab call scan",DKW659,"A Line"
"2017-03-07 10:54:34",U-BOLT,KSP816,"Front U-Bolt"
"2017-03-07 10:55:44",U-BOLT,KSP816,"Rear U-Bolt"
"2017-03-07 10:55:53","Assembly Line Tracker",DZV145,"Pool 13 Start"
"2017-03-07 10:56:53","OMT Offline Tracking",YTP390,"Enter Offline"
"2017-03-07 10:56:53","OMT Offline Tracking",YTP390,Sold
"2017-03-07 11:00:08",U-BOLT,OTX594,"Rear U-Bolt"
"2017-03-07 11:05:51","Assembly Line Tracker",PMG926,"Pool 13 Start"
"2017-03-07 11:05:52","Assembly Line Tracker",UBZ174,"Pool 13 Start"
"2017-03-07 11:10:51","Assembly Line Tracker",GOB710,"Pool 13 Start"
"2017-03-07 11:15:56","Cab in white conveyer",YCR723,"CIW upload"
"2017-03-07 11:16:32","Hood Conveyor",PMG926,"Hood Upload"
"2017-03-07 11:19:25","Hood Conveyor",UBZ174,"Hood Upload"
"2017-03-07 11:21:15","Cab Conveyer",SVP127,"Cab Upload 2"
"2017-03-07 11:21:15","Cab Conveyor / Monorail",SVP127,"Cab Upload"
"2017-03-07 11:22:54","Cab in white conveyer",EBL860,"CIW upload"
"2017-03-07 11:29:17","Cab Conveyer",ELJ539,"Cab Upload 2"
"2017-03-07 11:29:17","Cab Conveyor / Monorail",ELJ539,"Cab Upload"
"2017-03-07 11:29:45","Cab in white conveyer",AHN391,"CIW upload"
"2017-03-07 11:31:43","Paint Inspection",QDR380,PAINT
"2017-03-07 11:37:02",U-BOLT,OTX594,"Front U-Bolt"
"2017-03-07 11:38:15","Cab in white conveyer",KFN372,"CIW upload"
"2017-03-07 11:38:33","STVMS Tracking Chassis Start",DZV145,"Chassis Start"
"2017-03-07 11:38:38","STVMS Tracking Chassis Start",UBZ174,"Chassis Start"
"2017-03-07 11:39:18","Cab call scan",LEA891,"A Line"
"2017-03-07 11:39:50","Cab Conveyer",DKW659,"Cab Upload 2"
"2017-03-07 11:39:50","Cab Conveyor / Monorail",DKW659,"Cab Upload"
"2017-03-07 11:40:01","Paint Inspection",ZPW452,PAINT
"2017-03-07 11:41:02","OMT Offline Tracking",WXK853,"Enter Offline"
"2017-03-07 11:41:29",U-BOLT,LVP764,"Front U-Bolt"
"2017-03-07 11:43:26","Cab Call Scan",JPU485,"B Line"
"2017-03-07 11:44:31","Cab in white conveyer",DPH631,"CIW upload"
"2017-03-07 11:44:45","Paint Inspection",CSW718,PAINT
"2017-03-07 11:45:29","Paint Inspection",USH564,PAINT
"2017-03-07 11:45:45","STVMS Tracking Chassis Start",PMG926,"Chassis Start"
"2017-03-07 11:50:59",U-BOLT,JBQ468,"Front U-Bolt"
"2017-03-07 11:52:02",U-BOLT,JBQ468,"Rear U-Bolt"
"2017-03-07 11:52:10","STVMS Tracking Chassis Start",GOB710,"Chassis Start"
"2017-03-07 11:52:52","OMT Offline Tracking",IXM739,"Enter Offline"
"2017-03-07 11:54:08","Hood Conveyor",QDR380,"Hood Upload"
"2017-03-07 11:54:39","Paint Inspection",MHU637,PAINT
"2017-03-07 11:57:25",U-BOLT,TPJ583,"Front U-Bolt"
"2017-03-07 11:57:34","Cab call scan",OSR174,"A Line"
"2017-03-07 11:59:05","Cab in white conveyer",MPO083,"CIW upload"
"2017-03-07 11:59:31",U-BOLT,TPJ583,"Rear U-Bolt"
"2017-03-07 11:59:39","Hood Conveyor",GOB710,"Hood Upload"
"2017-03-07 12:00:05","STVMS Tracking Chassis Start",QDR380,"Chassis Start"
"2017-03-07 12:00:11","Cab Conveyer",IFP328,"Cab Upload 2"
"2017-03-07 12:00:11","Cab Conveyor / Monorail",IFP328,"Cab Upload"
"2017-03-07 12:00:31","OMT Offline Tracking",SOU593,"Enter Offline"
"2017-03-07 12:00:52","Assembly Line Tracker",QDR380,"Pool 13 Start"
"2017-03-07 12:00:55","OMT Offline Tracking",HMJ710,"Enter Offline"
"2017-03-07 12:00:55","OMT Offline Tracking",HMJ710,Sold
"2017-03-07 12:03:18","Cab Call Scan",SIW958,"B Line"
"2017-03-07 12:03:33","STVMS Tracking Top Station",ZPW452,"Top Station"
"2017-03-07 12:03:36","STVMS Tracking Top Station",MHU637,"Top Station"
"2017-03-07 12:03:39","STVMS Tracking Top Station",USH564,"Top Station"
"2017-03-07 12:03:42","STVMS Tracking Top Station",DZO637,"Top Station"
"2017-03-07 12:03:46","STVMS Tracking Top Station",CJQ075,"Top Station"
"2017-03-07 12:03:50","STVMS Tracking Top Station",LOF143,"Top Station"
"2017-03-07 12:03:53","STVMS Tracking Top Station",RQJ940,"Top Station"
"2017-03-07 12:03:56","STVMS Tracking Top Station",JCM567,"Top Station"
"2017-03-07 12:03:59","STVMS Tracking Top Station",GFM783,"Top Station"
"2017-03-07 12:04:21",U-BOLT,QVP853,"Rear U-Bolt"
"2017-03-07 12:04:48","Cab Call Scan",USD901,"B Line"
"2017-03-07 12:05:20",U-BOLT,QVP853,"Front U-Bolt"
"2017-03-07 12:05:52","Assembly Line Tracker",GFM783,"Pool 60 Start"
"2017-03-07 12:05:53","Assembly Line Tracker",JCM567,"Pool 60 Start"
"2017-03-07 12:05:54","Assembly Line Tracker",RQJ940,"Pool 60 Start"
"2017-03-07 12:05:55","Assembly Line Tracker",LOF143,"Pool 60 Start"
"2017-03-07 12:05:56","Assembly Line Tracker",CJQ075,"Pool 60 Start"
"2017-03-07 12:05:57","Assembly Line Tracker",DZO637,"Pool 60 Start"
"2017-03-07 12:05:57","Assembly Line Tracker",CSW718,"Pool 13 Start"
"2017-03-07 12:05:58","Assembly Line Tracker",USH564,"Pool 60 Start"
"2017-03-07 12:05:59","Assembly Line Tracker",MHU637,"Pool 60 Start"
"2017-03-07 12:06:00","Assembly Line Tracker",ZPW452,"Pool 60 Start"
"2017-03-07 12:06:02","Cab in white conveyer",FPI264,"CIW upload"
"2017-03-07 12:07:39","STVMS Tracking Chassis Start",CSW718,"Chassis Start"
"2017-03-07 12:07:52","Hood Conveyor",CSW718,"Hood Upload"
"2017-03-07 12:08:37","Cab Conveyer",LEA891,"Cab Upload 2"
"2017-03-07 12:08:37","Cab Conveyor / Monorail",LEA891,"Cab Upload"
"2017-03-07 12:11:22","Cab Conveyer",JPU485,"Cab Upload 2"
"2017-03-07 12:11:22","Cab Conveyor / Monorail",JPU485,"Cab Upload"
"2017-03-07 12:11:39","OMT Offline Tracking",EJO928,"Enter Offline"
"2017-03-07 12:11:39","OMT Offline Tracking",EJO928,Sold
"2017-03-07 12:12:10","Cab in white conveyer",SPI314,"CIW upload"
"2017-03-07 12:12:25","Cab call scan",CQU695,"A Line"
"2017-03-07 12:13:41",U-BOLT,YHB831,"Front U-Bolt"
"2017-03-07 12:15:52","Assembly Line Tracker",ZPW452,"Pool 13 Start"
"2017-03-07 12:17:13","Cab Conveyer",SIW958,"Cab Upload 2"
"2017-03-07 12:17:13","Cab Conveyor / Monorail",SIW958,"Cab Upload"
"2017-03-07 12:17:37","OMT Offline Tracking",MVW427,"Enter Offline"
"2017-03-07 12:18:59","STVMS Tracking Chassis Start",ZPW452,"Chassis Start"
"2017-03-07 12:19:30","Cab in white conveyer",AGU058,"CIW upload"
"2017-03-07 12:20:51","Assembly Line Tracker",MHU637,"Pool 13 Start"
"2017-03-07 12:21:39",U-BOLT,XLW275,"Rear U-Bolt"
"2017-03-07 12:21:50",U-BOLT,XLW275,"Front U-Bolt"
"2017-03-07 12:22:35","Paint Inspection",DZO637,PAINT
"2017-03-07 12:24:45","STVMS Tracking Chassis Start",MHU637,"Chassis Start"
"2017-03-07 12:27:16","Paint Inspection",CJQ075,PAINT
"2017-03-07 12:27:45","Cab in white conveyer",QZH295,"CIW upload"
"2017-03-07 12:27:52","Cab Call Scan",WBH162,"B Line"
"2017-03-07 12:28:29","OMT Offline Tracking",AMZ845,"Enter Offline"
"2017-03-07 12:29:07",U-BOLT,WTB963,"Front U-Bolt"
"2017-03-07 12:30:52","Assembly Line Tracker",USH564,"Pool 13 Start"
"2017-03-07 12:32:59","STVMS Tracking Chassis Start",USH564,"Chassis Start"
"2017-03-07 12:33:01","Cab Conveyer",OSR174,"Cab Upload 2"
"2017-03-07 12:33:01","Cab Conveyor / Monorail",OSR174,"Cab Upload"
"2017-03-07 12:33:37","Paint Inspection",RQJ940,PAINT
"2017-03-07 12:35:45","Cab in white conveyer",SEK173,"CIW upload"
"2017-03-07 12:35:52","Assembly Line Tracker",DZO637,"Pool 13 Start"
"2017-03-07 12:36:10","OMT Offline Tracking",HQD748,"Enter Offline"
"2017-03-07 12:37:08","STVMS Tracking Top Station",EUZ386,"Top Station"
"2017-03-07 12:37:12","STVMS Tracking Top Station",TMZ629,"Top Station"
"2017-03-07 12:37:15","STVMS Tracking Top Station",SNI285,"Top Station"
"2017-03-07 12:37:18","STVMS Tracking Top Station",PMN417,"Top Station"
"2017-03-07 12:37:20","STVMS Tracking Top Station",ZDI213,"Top Station"
"2017-03-07 12:37:22","STVMS Tracking Top Station",ALE837,"Top Station"
"2017-03-07 12:37:25","STVMS Tracking Top Station",WQB451,"Top Station"
"2017-03-07 12:37:27","STVMS Tracking Top Station",KMA503,"Top Station"
"2017-03-07 12:37:29","STVMS Tracking Top Station",KSX968,"Top Station"
"2017-03-07 12:37:30","Cab Conveyer",USD901,"Cab Upload 2"
"2017-03-07 12:37:30","Cab Conveyor / Monorail",USD901,"Cab Upload"
"2017-03-07 12:37:31","STVMS Tracking Top Station",TFX540,"Top Station"
"2017-03-07 12:37:36","Paint Inspection",LOF143,PAINT
"2017-03-07 12:38:35",U-BOLT,WTB963,"Rear U-Bolt"
"2017-03-07 12:40:51","Assembly Line Tracker",TFX540,"Pool 60 Start"
"2017-03-07 12:40:52","Assembly Line Tracker",KSX968,"Pool 60 Start"
"2017-03-07 12:40:53","Assembly Line Tracker",KMA503,"Pool 60 Start"
"2017-03-07 12:40:54","Assembly Line Tracker",WQB451,"Pool 60 Start"
"2017-03-07 12:40:55","Assembly Line Tracker",ALE837,"Pool 60 Start"
"2017-03-07 12:40:56","Assembly Line Tracker",ZDI213,"Pool 60 Start"
"2017-03-07 12:40:56","Assembly Line Tracker",PMN417,"Pool 60 Start"
"2017-03-07 12:40:57","Assembly Line Tracker",SNI285,"Pool 60 Start"
"2017-03-07 12:40:58","Assembly Line Tracker",TMZ629,"Pool 60 Start"
"2017-03-07 12:40:59","Assembly Line Tracker",EUZ386,"Pool 60 Start"
"2017-03-07 12:41:00","Assembly Line Tracker",CJQ075,"Pool 13 Start"
"2017-03-07 12:41:14",U-BOLT,INW067,"Front U-Bolt"
"2017-03-07 12:41:18","OMT Offline Tracking",VQD376,"Enter Offline"
"2017-03-07 12:41:49","Cab Conveyer",CQU695,"Cab Upload 2"
"2017-03-07 12:41:49","Cab Conveyor / Monorail",CQU695,"Cab Upload"
"2017-03-07 12:41:56","Cab Call Scan",TYA561,"B Line"
"2017-03-07 12:42:06","Cab Call Scan",GPJ498,"B Line"
"2017-03-07 12:42:14",U-BOLT,INW067,"Rear U-Bolt"
"2017-03-07 12:42:28","Cab in white conveyer",TRJ645,"CIW upload"
"2017-03-07 12:43:13","STVMS Tracking Chassis Start",DZO637,"Chassis Start"
"2017-03-07 12:44:20","Cab call scan",DVM139,"A Line"
"2017-03-07 12:46:56","Paint Inspection",JCM567,PAINT
"2017-03-07 12:47:24",U-BOLT,NKM173,"Front U-Bolt"
"2017-03-07 12:48:05","Cab in white conveyer",CSV482,"CIW upload"
"2017-03-07 12:50:29","STVMS Tracking Chassis Start",CJQ075,"Chassis Start"
"2017-03-07 12:51:57","OMT Offline Tracking",QJP284,"Enter Offline"
"2017-03-07 12:54:54",U-BOLT,JOM027,"Front U-Bolt"
"2017-03-07 12:55:12","OMT Offline Tracking",ZHB578,"Enter Offline"
"2017-03-07 12:55:51","Assembly Line Tracker",LOF143,"Pool 13 Start"
"2017-03-07 12:55:58",U-BOLT,JOM027,"Rear U-Bolt"
"2017-03-07 12:57:10","Paint Inspection",GFM783,PAINT
"2017-03-07 12:57:29","Cab in white conveyer",NHZ581,"CIW upload"
"2017-03-07 12:58:02","STVMS Tracking Chassis Start",LOF143,"Chassis Start"
"2017-03-07 13:00:09","Cab Conveyer",WBH162,"Cab Upload 2"
"2017-03-07 13:00:09","Cab Conveyor / Monorail",WBH162,"Cab Upload"
"2017-03-07 13:00:30","Cab call scan",UBJ603,"A Line"
"2017-03-07 13:00:51","Assembly Line Tracker",RQJ940,"Pool 13 Start"
"2017-03-07 13:02:58",U-BOLT,AJF195,"Rear U-Bolt"
"2017-03-07 13:04:04","OMT Offline Tracking",PGY640,"Enter Offline"
"2017-03-07 13:04:18","Cab in white conveyer",YZU059,"CIW upload"
"2017-03-07 13:05:48","STVMS Tracking Chassis Start",RQJ940,"Chassis Start"
"2017-03-07 13:07:24","Cab Conveyer",TYA561,"Cab Upload 2"
"2017-03-07 13:07:24","Cab Conveyor / Monorail",TYA561,"Cab Upload"
"2017-03-07 13:09:17",U-BOLT,DZV145,"Front U-Bolt"
"2017-03-07 13:10:31",U-BOLT,DZV145,"Rear U-Bolt"
"2017-03-07 13:10:32","Cab in white conveyer",FZA809,"CIW upload"
"2017-03-07 13:10:57","Hood Conveyor",ZPW452,"Hood Upload"
"2017-03-07 13:11:29","Paint Inspection",EUZ386,PAINT
"2017-03-07 13:11:32","Cab Conveyer",DVM139,"Cab Upload 2"
"2017-03-07 13:11:32","Cab Conveyor / Monorail",DVM139,"Cab Upload"
"2017-03-07 13:13:27","STVMS Tracking Chassis Start",JCM567,"Chassis Start"
"2017-03-07 13:15:28","Hood Conveyor",MHU637,"Hood Upload"
"2017-03-07 13:18:00","Paint Inspection",TMZ629,PAINT
"2017-03-07 13:18:07","Cab call scan",OTS758,"A Line"
"2017-03-07 13:18:12","Cab Call Scan",JYL728,"B Line"
"2017-03-07 13:18:13","Cab in white conveyer",APZ612,"CIW upload"
"2017-03-07 13:18:51",U-BOLT,UBZ174,"Front U-Bolt"
"2017-03-07 13:20:02","Hood Conveyor",USH564,"Hood Upload"
"2017-03-07 13:20:25","STVMS Tracking Chassis Start",GFM783,"Chassis Start"
"2017-03-07 13:20:52","Assembly Line Tracker",EUZ386,"Pool 13 Start"
"2017-03-07 13:20:54","Assembly Line Tracker",GFM783,"Pool 13 Start"
"2017-03-07 13:20:55","Assembly Line Tracker",JCM567,"Pool 13 Start"
"2017-03-07 13:21:57","Cab Conveyer",GPJ498,"Cab Upload 2"
"2017-03-07 13:21:57","Cab Conveyor / Monorail",GPJ498,"Cab Upload"
"2017-03-07 13:22:09","OMT Offline Tracking",UHP854,"Enter Offline"
"2017-03-07 13:23:22","Cab in white conveyer",YWI795,"CIW upload"
"2017-03-07 13:24:25","OMT Offline Tracking",FIX581,"Enter Offline"
"2017-03-07 13:24:56",U-BOLT,PMG926,"Front U-Bolt"
"2017-03-07 13:25:09","Hood Conveyor",DZO637,"Hood Upload"
"2017-03-07 13:25:57","Cab Conveyer",UBJ603,"Cab Upload 2"
"2017-03-07 13:25:57","Cab Conveyor / Monorail",UBJ603,"Cab Upload"
"2017-03-07 13:26:05","Paint Inspection",SNI285,PAINT
"2017-03-07 13:26:09",U-BOLT,PMG926,"Rear U-Bolt"
"2017-03-07 13:28:23","Hood Conveyor",LOF143,"Hood Upload"
"2017-03-07 13:28:57","STVMS Tracking Chassis Start",EUZ386,"Chassis Start"
"2017-03-07 13:29:10","Cab in white conveyer",EVB234,"CIW upload"
"2017-03-07 13:30:20","Cab Call Scan",NUR218,"B Line"
"2017-03-07 13:30:49","Cab call scan",XWK825,"A Line"
"2017-03-07 13:32:08",U-BOLT,GOB710,"Front U-Bolt"
"2017-03-07 13:32:09","OMT Offline Tracking",MGF879,"Enter Offline"
"2017-03-07 13:33:09","Cab Conveyer",JYL728,"Cab Upload 2"
"2017-03-07 13:33:09","Cab Conveyor / Monorail",JYL728,"Cab Upload"
"2017-03-07 13:35:57","Assembly Line Tracker",TMZ629,"Pool 13 Start"
"2017-03-07 13:35:58","STVMS Tracking Chassis Start",TMZ629,"Chassis Start"
"2017-03-07 13:36:44","Cab in white conveyer",QRM025,"CIW upload"
"2017-03-07 13:40:15",U-BOLT,QDR380,"Front U-Bolt"
"2017-03-07 13:40:29","Cab in white conveyer",DCV243,"CIW upload"
"2017-03-07 13:40:51","Assembly Line Tracker",SNI285,"Pool 13 Start"
"2017-03-07 13:41:29","Paint Inspection",PMN417,PAINT
"2017-03-07 13:43:14","STVMS Tracking Chassis Start",SNI285,"Chassis Start"
"2017-03-07 13:44:15","OMT Offline Tracking",CSM507,"Enter Offline"
"2017-03-07 13:44:15","OMT Offline Tracking",CSM507,Sold
"2017-03-07 13:45:16","Paint Inspection",ZDI213,PAINT
"2017-03-07 13:46:49",U-BOLT,CSW718,"Front U-Bolt"
"2017-03-07 13:47:22","Cab Call Scan",KSP816,"B Line"
"2017-03-07 13:47:49",U-BOLT,CSW718,"Rear U-Bolt"
"2017-03-07 13:47:49","Cab Conveyer",OTS758,"Cab Upload 2"
"2017-03-07 13:47:49","Cab Conveyor / Monorail",OTS758,"Cab Upload"
"2017-03-07 13:47:52","Cab Call Scan",LVP764,"B Line"
"2017-03-07 13:48:10","Cab in white conveyer",YCU023,"CIW upload"
"2017-03-07 13:48:53","Cab call scan",OTX594,"A Line"
"2017-03-07 13:49:05","Paint Inspection",WQB451,PAINT
"2017-03-07 13:49:47","STVMS Tracking Chassis Start",PMN417,"Chassis Start"
"2017-03-07 13:50:46","Paint Inspection",ALE837,PAINT
"2017-03-07 13:51:01","Cab in white conveyer",QLV652,"CIW upload"
"2017-03-07 13:52:04","Cab Conveyer",NUR218,"Cab Upload 2"
"2017-03-07 13:52:04","Cab Conveyor / Monorail",NUR218,"Cab Upload"
"2017-03-07 13:55:00",U-BOLT,ZPW452,"Front U-Bolt"
"2017-03-07 13:55:37","OMT Offline Tracking",PRA475,"Enter Offline"
"2017-03-07 13:55:45","OMT Offline Tracking",QFW209,"Enter Offline"
"2017-03-07 13:55:51","Assembly Line Tracker",ZDI213,"Pool 13 Start"
"2017-03-07 13:55:52","Assembly Line Tracker",PMN417,"Pool 13 Start"
"2017-03-07 13:56:49","Cab in white conveyer",ADQ781,"CIW upload"
"2017-03-07 13:57:14","STVMS Tracking Chassis Start",ZDI213,"Chassis Start"
"2017-03-07 14:00:51","Assembly Line Tracker",ALE837,"Pool 13 Start"
"2017-03-07 14:03:24","Hood Conveyor",CJQ075,"Hood Upload"
"2017-03-07 14:03:31",U-BOLT,MHU637,"Rear U-Bolt"
"2017-03-07 14:04:23","Cab Conveyer",XWK825,"Cab Upload 2"
"2017-03-07 14:04:23","Cab Conveyor / Monorail",XWK825,"Cab Upload"
"2017-03-07 14:05:07",U-BOLT,MHU637,"Front U-Bolt"
"2017-03-07 14:05:16","Cab call scan",JBQ468,"A Line"
"2017-03-07 14:05:19","Paint Inspection",KMA503,PAINT
"2017-03-07 14:05:24","STVMS Tracking Chassis Start",ALE837,"Chassis Start"
"2017-03-07 14:05:51","Assembly Line Tracker",KMA503,"Pool 13 Start"
"2017-03-07 14:05:54","Assembly Line Tracker",WQB451,"Pool 13 Start"
"2017-03-07 14:06:13","Cab in white conveyer",EQD264,"CIW upload"
"2017-03-07 14:06:41","Hood Conveyor",RQJ940,"Hood Upload"
"2017-03-07 14:08:33",U-BOLT,USH564,"Front U-Bolt"
"2017-03-07 14:08:42","OMT Offline Tracking",SZP362,"Enter Offline"
"2017-03-07 14:09:42",U-BOLT,USH564,"Rear U-Bolt"
"2017-03-07 14:09:51","OMT Offline Tracking",TUQ327,"Enter Offline"
"2017-03-07 14:12:14","Cab Conveyer",KSP816,"Cab Upload 2"
"2017-03-07 14:12:14","Cab Conveyor / Monorail",KSP816,"Cab Upload"
"2017-03-07 14:14:10","Hood Conveyor",JCM567,"Hood Upload"
"2017-03-07 14:15:08","STVMS Tracking Chassis Start",WQB451,"Chassis Start"
"2017-03-07 14:15:52","Assembly Line Tracker",TFX540,"Pool 13 Start"
"2017-03-07 14:15:53","Assembly Line Tracker",KSX968,"Pool 13 Start"
"2017-03-07 14:15:56","Cab Conveyer",OTX594,"Cab Upload 2"
"2017-03-07 14:15:56","Cab Conveyor / Monorail",OTX594,"Cab Upload"
"2017-03-07 14:19:12","Cab call scan",QVP853,"A Line"
"2017-03-07 14:19:12",U-BOLT,DZO637,"Front U-Bolt"
"2017-03-07 14:19:17","Hood Conveyor",GFM783,"Hood Upload"
"2017-03-07 14:23:30","STVMS Tracking Chassis Start",KMA503,"Chassis Start"
"2017-03-07 14:24:13","Hood Conveyor",EUZ386,"Hood Upload"
"2017-03-07 14:26:19",U-BOLT,CJQ075,"Front U-Bolt"
"2017-03-07 14:27:28","Cab Call Scan",TPJ583,"B Line"
"2017-03-07 14:27:28",U-BOLT,CJQ075,"Rear U-Bolt"
"2017-03-07 14:33:07",U-BOLT,LOF143,"Front U-Bolt"
"2017-03-07 14:34:52",U-BOLT,LOF143,"Rear U-Bolt"
"2017-03-07 14:57:26","Hood Conveyor",TMZ629,"Hood Upload"
"2017-03-07 15:05:34","Hood Conveyor",SNI285,"Hood Upload"
"2017-03-07 15:12:53","Hood Conveyor",PMN417,"Hood Upload"
